game_id,date,season,home_team,away_team,home_score,away_score,neutral_site
823244,2026-03-25,2026,San Francisco Giants,New York Yankees,0,7,false
823649,2026-03-26,2026,New York Mets,Pittsburgh Pirates,11,7,false
823812,2026-03-26,2026,Milwaukee Brewers,Chicago White Sox,14,2,false
824704,2026-03-26,2026,Chicago Cubs,Washington Nationals,4,10,false
824865,2026-03-26,2026,Baltimore Orioles,Minnesota Twins,2,1,false
824541,2026-03-26,2026,Cincinnati Reds,Boston Red Sox,0,3,false
824218,2026-03-26,2026,Houston Astros,Los Angeles Angels,0,3,false
823325,2026-03-26,2026,San Diego Padres,Detroit Tigers,2,8,false
823081,2026-03-26,2026,St. Louis Cardinals,Tampa Bay Rays,9,7,false
823486,2026-03-26,2026,Philadelphia Phillies,Texas Rangers,5,3,false
823974,2026-03-26,2026,Los Angeles Dodgers,Arizona Diamondbacks,8,2,false
823163,2026-03-26,2026,Seattle Mariners,Cleveland Guardians,4,6,false
823243,2026-03-27,2026,San Francisco Giants,New York Yankees,0,3,false
822839,2026-03-27,2026,Toronto Blue Jays,Athletics,3,2,false
823893,2026-03-27,2026,Miami Marlins,Colorado Rockies,2,1,false
824946,2026-03-27,2026,Atlanta Braves,Kansas City Royals,6,0,false
824216,2026-03-27,2026,Houston Astros,Los Angeles Angels,2,6,false
823324,2026-03-27,2026,San Diego Padres,Detroit Tigers,2,5,false
823162,2026-03-27,2026,Seattle Mariners,Cleveland Guardians,5,1,false
823971,2026-03-27,2026,Los Angeles Dodgers,Arizona Diamondbacks,5,4,false
823082,2026-03-28,2026,St. Louis Cardinals,Tampa Bay Rays,6,5,false
824701,2026-03-28,2026,Chicago Cubs,Washington Nationals,10,2,false
822838,2026-03-28,2026,Toronto Blue Jays,Athletics,8,7,false
824862,2026-03-28,2026,Baltimore Orioles,Minnesota Twins,1,4,false
823488,2026-03-28,2026,Philadelphia Phillies,Texas Rangers,4,5,false
824540,2026-03-28,2026,Cincinnati Reds,Boston Red Sox,6,5,false
823651,2026-03-28,2026,New York Mets,Pittsburgh Pirates,4,2,false
823892,2026-03-28,2026,Miami Marlins,Colorado Rockies,4,3,false
824213,2026-03-28,2026,Houston Astros,Los Angeles Angels,11,9,false
823811,2026-03-28,2026,Milwaukee Brewers,Chicago White Sox,6,1,false
824945,2026-03-28,2026,Atlanta Braves,Kansas City Royals,6,2,false
823241,2026-03-28,2026,San Francisco Giants,New York Yankees,1,3,false
823323,2026-03-28,2026,San Diego Padres,Detroit Tigers,3,0,false
823973,2026-03-28,2026,Los Angeles Dodgers,Arizona Diamondbacks,3,2,false
823161,2026-03-28,2026,Seattle Mariners,Cleveland Guardians,5,6,false
824864,2026-03-29,2026,Baltimore Orioles,Minnesota Twins,8,6,false
823487,2026-03-29,2026,Philadelphia Phillies,Texas Rangers,3,8,false
824944,2026-03-29,2026,Atlanta Braves,Kansas City Royals,1,4,false
822837,2026-03-29,2026,Toronto Blue Jays,Athletics,5,2,false
824538,2026-03-29,2026,Cincinnati Reds,Boston Red Sox,3,2,false
823647,2026-03-29,2026,New York Mets,Pittsburgh Pirates,3,4,false
823891,2026-03-29,2026,Miami Marlins,Colorado Rockies,4,3,false
824215,2026-03-29,2026,Houston Astros,Los Angeles Angels,9,7,false
823810,2026-03-29,2026,Milwaukee Brewers,Chicago White Sox,9,7,false
823079,2026-03-29,2026,St. Louis Cardinals,Tampa Bay Rays,7,11,false
824700,2026-03-29,2026,Chicago Cubs,Washington Nationals,3,6,false
823160,2026-03-29,2026,Seattle Mariners,Cleveland Guardians,8,0,false
824135,2026-03-30,2026,Kansas City Royals,Minnesota Twins,3,1,false
824863,2026-03-30,2026,Baltimore Orioles,Texas Rangers,2,5,false
824539,2026-03-30,2026,Cincinnati Reds,Pittsburgh Pirates,2,0,false
823484,2026-03-30,2026,Philadelphia Phillies,Washington Nationals,2,13,false
823890,2026-03-30,2026,Miami Marlins,Chicago White Sox,4,9,false
822834,2026-03-30,2026,Toronto Blue Jays,Colorado Rockies,5,14,false
824943,2026-03-30,2026,Atlanta Braves,Athletics,4,0,false
824702,2026-03-30,2026,Chicago Cubs,Los Angeles Angels,7,2,false
823809,2026-03-30,2026,Milwaukee Brewers,Tampa Bay Rays,2,3,false
823080,2026-03-30,2026,St. Louis Cardinals,New York Mets,2,4,false
824214,2026-03-30,2026,Houston Astros,Boston Red Sox,8,1,false
823320,2026-03-30,2026,San Diego Padres,San Francisco Giants,2,3,false
823159,2026-03-30,2026,Seattle Mariners,New York Yankees,2,1,false
825108,2026-03-30,2026,Arizona Diamondbacks,Detroit Tigers,9,6,false
823972,2026-03-30,2026,Los Angeles Dodgers,Cleveland Guardians,2,4,false
824861,2026-03-31,2026,Baltimore Orioles,Texas Rangers,5,8,false
824537,2026-03-31,2026,Cincinnati Reds,Pittsburgh Pirates,3,8,false
823485,2026-03-31,2026,Philadelphia Phillies,Washington Nationals,3,2,false
823888,2026-03-31,2026,Miami Marlins,Chicago White Sox,9,2,false
822836,2026-03-31,2026,Toronto Blue Jays,Colorado Rockies,5,1,false
824942,2026-03-31,2026,Atlanta Braves,Athletics,2,5,false
824699,2026-03-31,2026,Chicago Cubs,Los Angeles Angels,0,2,false
823807,2026-03-31,2026,Milwaukee Brewers,Tampa Bay Rays,6,2,false
823077,2026-03-31,2026,St. Louis Cardinals,New York Mets,3,0,false
824212,2026-03-31,2026,Houston Astros,Boston Red Sox,9,2,false
825107,2026-03-31,2026,Arizona Diamondbacks,Detroit Tigers,7,5,false
823322,2026-03-31,2026,San Diego Padres,San Francisco Giants,3,9,false
823158,2026-03-31,2026,Seattle Mariners,New York Yankees,0,5,false
823969,2026-03-31,2026,Los Angeles Dodgers,Cleveland Guardians,4,1,false
824940,2026-04-01,2026,Atlanta Braves,Athletics,5,1,false
824860,2026-04-01,2026,Baltimore Orioles,Texas Rangers,8,3,false
824536,2026-04-01,2026,Cincinnati Reds,Pittsburgh Pirates,3,8,false
823483,2026-04-01,2026,Philadelphia Phillies,Washington Nationals,6,5,false
822835,2026-04-01,2026,Toronto Blue Jays,Colorado Rockies,1,2,false
823889,2026-04-01,2026,Miami Marlins,Chicago White Sox,10,0,false
823078,2026-04-01,2026,St. Louis Cardinals,New York Mets,2,1,false
823806,2026-04-01,2026,Milwaukee Brewers,Tampa Bay Rays,8,2,false
824211,2026-04-01,2026,Houston Astros,Boston Red Sox,6,4,false
824698,2026-04-01,2026,Chicago Cubs,Los Angeles Angels,6,2,false
825106,2026-04-01,2026,Arizona Diamondbacks,Detroit Tigers,1,0,false
823321,2026-04-01,2026,San Diego Padres,San Francisco Giants,7,1,false
823157,2026-04-01,2026,Seattle Mariners,New York Yankees,3,5,false
824136,2026-04-01,2026,Kansas City Royals,Minnesota Twins,13,9,false
823970,2026-04-01,2026,Los Angeles Dodgers,Cleveland Guardians,1,4,false
824133,2026-04-02,2026,Kansas City Royals,Minnesota Twins,1,5,false
825105,2026-04-02,2026,Arizona Diamondbacks,Atlanta Braves,2,17,false
823242,2026-04-02,2026,San Francisco Giants,New York Mets,7,2,false
822758,2026-04-03,2026,Washington Nationals,Los Angeles Dodgers,6,13,false
824299,2026-04-03,2026,Detroit Tigers,St. Louis Cardinals,4,0,false
823568,2026-04-03,2026,New York Yankees,Miami Marlins,8,2,false
824786,2026-04-03,2026,Boston Red Sox,San Diego Padres,5,2,false
824621,2026-04-03,2026,Chicago White Sox,Toronto Blue Jays,5,4,false
822919,2026-04-03,2026,Texas Rangers,Cincinnati Reds,3,5,false
824458,2026-04-03,2026,Cleveland Guardians,Chicago Cubs,4,1,false
823732,2026-04-03,2026,Minnesota Twins,Tampa Bay Rays,10,4,false
824377,2026-04-03,2026,Colorado Rockies,Philadelphia Phillies,1,10,false
823406,2026-04-03,2026,Pittsburgh Pirates,Baltimore Orioles,5,4,false
824056,2026-04-03,2026,Los Angeles Angels,Seattle Mariners,1,3,false
825026,2026-04-03,2026,Athletics,Houston Astros,11,4,false
825103,2026-04-03,2026,Arizona Diamondbacks,Atlanta Braves,0,2,false
823240,2026-04-03,2026,San Francisco Giants,New York Mets,3,10,false
824295,2026-04-04,2026,Detroit Tigers,St. Louis Cardinals,11,6,false
824622,2026-04-04,2026,Chicago White Sox,Toronto Blue Jays,6,3,false
824132,2026-04-04,2026,Kansas City Royals,Milwaukee Brewers,2,5,false
824134,2026-04-04,2026,Kansas City Royals,Milwaukee Brewers,8,2,false
822757,2026-04-04,2026,Washington Nationals,Los Angeles Dodgers,5,10,false
825027,2026-04-04,2026,Athletics,Houston Astros,0,11,false
823404,2026-04-04,2026,Pittsburgh Pirates,Baltimore Orioles,3,2,false
824782,2026-04-04,2026,Boston Red Sox,San Diego Padres,2,3,false
822920,2026-04-04,2026,Texas Rangers,Cincinnati Reds,0,2,false
823569,2026-04-04,2026,New York Yankees,Miami Marlins,9,7,false
823730,2026-04-04,2026,Minnesota Twins,Tampa Bay Rays,1,7,false
825104,2026-04-04,2026,Arizona Diamondbacks,Atlanta Braves,2,1,false
824378,2026-04-04,2026,Colorado Rockies,Philadelphia Phillies,1,2,false
823239,2026-04-04,2026,San Francisco Giants,New York Mets,0,9,false
824054,2026-04-04,2026,Los Angeles Angels,Seattle Mariners,1,0,false
824459,2026-04-05,2026,Cleveland Guardians,Chicago Cubs,0,1,false
824460,2026-04-05,2026,Cleveland Guardians,Chicago Cubs,6,5,false
822756,2026-04-05,2026,Washington Nationals,Los Angeles Dodgers,6,8,false
823405,2026-04-05,2026,Pittsburgh Pirates,Baltimore Orioles,8,2,false
824781,2026-04-05,2026,Boston Red Sox,San Diego Padres,6,8,false
823566,2026-04-05,2026,New York Yankees,Miami Marlins,6,7,false
823729,2026-04-05,2026,Minnesota Twins,Tampa Bay Rays,1,4,false
824620,2026-04-05,2026,Chicago White Sox,Toronto Blue Jays,3,0,false
824131,2026-04-05,2026,Kansas City Royals,Milwaukee Brewers,5,8,false
822917,2026-04-05,2026,Texas Rangers,Cincinnati Reds,1,2,false
824379,2026-04-05,2026,Colorado Rockies,Philadelphia Phillies,4,1,false
825025,2026-04-05,2026,Athletics,Houston Astros,12,10,false
823238,2026-04-05,2026,San Francisco Giants,New York Mets,2,5,false
824053,2026-04-05,2026,Los Angeles Angels,Seattle Mariners,8,7,false
825102,2026-04-05,2026,Arizona Diamondbacks,Atlanta Braves,6,5,false
824296,2026-04-05,2026,Detroit Tigers,St. Louis Cardinals,3,5,false
823002,2026-04-06,2026,Tampa Bay Rays,Chicago Cubs,6,4,false
824456,2026-04-06,2026,Cleveland Guardians,Kansas City Royals,2,4,false
823401,2026-04-06,2026,Pittsburgh Pirates,San Diego Padres,0,5,false
823886,2026-04-06,2026,Miami Marlins,Cincinnati Reds,0,2,false
822755,2026-04-06,2026,Washington Nationals,St. Louis Cardinals,9,6,false
824783,2026-04-06,2026,Boston Red Sox,Milwaukee Brewers,6,8,false
822832,2026-04-06,2026,Toronto Blue Jays,Los Angeles Dodgers,2,14,false
823728,2026-04-06,2026,Minnesota Twins,Detroit Tigers,7,3,false
824619,2026-04-06,2026,Chicago White Sox,Baltimore Orioles,1,2,false
822918,2026-04-06,2026,Texas Rangers,Seattle Mariners,2,1,false
824376,2026-04-06,2026,Colorado Rockies,Houston Astros,9,7,false
824052,2026-04-06,2026,Los Angeles Angels,Atlanta Braves,6,2,false
823237,2026-04-06,2026,San Francisco Giants,Philadelphia Phillies,4,6,false
824457,2026-04-07,2026,Cleveland Guardians,Kansas City Royals,2,1,false
824618,2026-04-07,2026,Chicago White Sox,Baltimore Orioles,2,4,false
823648,2026-04-07,2026,New York Mets,Arizona Diamondbacks,4,3,false
823402,2026-04-07,2026,Pittsburgh Pirates,San Diego Padres,7,1,false
822999,2026-04-07,2026,Tampa Bay Rays,Chicago Cubs,2,9,false
823887,2026-04-07,2026,Miami Marlins,Cincinnati Reds,3,6,false
822754,2026-04-07,2026,Washington Nationals,St. Louis Cardinals,6,7,false
824780,2026-04-07,2026,Boston Red Sox,Milwaukee Brewers,3,2,false
823567,2026-04-07,2026,New York Yankees,Athletics,5,3,false
822831,2026-04-07,2026,Toronto Blue Jays,Los Angeles Dodgers,1,4,false
823727,2026-04-07,2026,Minnesota Twins,Detroit Tigers,4,2,false
822916,2026-04-07,2026,Texas Rangers,Seattle Mariners,3,2,false
824375,2026-04-07,2026,Colorado Rockies,Houston Astros,5,1,false
824051,2026-04-07,2026,Los Angeles Angels,Atlanta Braves,2,7,false
823235,2026-04-07,2026,San Francisco Giants,Philadelphia Phillies,6,0,false
823403,2026-04-08,2026,Pittsburgh Pirates,San Diego Padres,2,8,false
824455,2026-04-08,2026,Cleveland Guardians,Kansas City Royals,10,2,false
824779,2026-04-08,2026,Boston Red Sox,Milwaukee Brewers,5,0,false
824617,2026-04-08,2026,Chicago White Sox,Baltimore Orioles,3,5,false
822915,2026-04-08,2026,Texas Rangers,Seattle Mariners,3,0,false
822833,2026-04-08,2026,Toronto Blue Jays,Los Angeles Dodgers,4,3,false
824374,2026-04-08,2026,Colorado Rockies,Houston Astros,9,1,false
823234,2026-04-08,2026,San Francisco Giants,Philadelphia Phillies,5,0,false
822753,2026-04-08,2026,Washington Nationals,St. Louis Cardinals,1,6,false
824050,2026-04-08,2026,Los Angeles Angels,Atlanta Braves,2,8,false
823646,2026-04-08,2026,New York Mets,Arizona Diamondbacks,2,7,false
823000,2026-04-08,2026,Tampa Bay Rays,Chicago Cubs,2,6,false
823885,2026-04-08,2026,Miami Marlins,Cincinnati Reds,7,4,false
823564,2026-04-08,2026,New York Yankees,Athletics,2,3,false
823726,2026-04-08,2026,Minnesota Twins,Detroit Tigers,8,6,false
823884,2026-04-09,2026,Miami Marlins,Cincinnati Reds,8,1,false
823565,2026-04-09,2026,New York Yankees,Athletics,0,1,false
823724,2026-04-09,2026,Minnesota Twins,Detroit Tigers,3,1,false
823645,2026-04-09,2026,New York Mets,Arizona Diamondbacks,1,7,false
824130,2026-04-09,2026,Kansas City Royals,Chicago White Sox,0,2,false
823319,2026-04-09,2026,San Diego Padres,Colorado Rockies,7,3,false
824695,2026-04-10,2026,Chicago Cubs,Pittsburgh Pirates,0,2,false
823482,2026-04-10,2026,Philadelphia Phillies,Arizona Diamondbacks,4,5,false
824297,2026-04-10,2026,Detroit Tigers,Miami Marlins,2,0,false
824534,2026-04-10,2026,Cincinnati Reds,Los Angeles Angels,2,10,false
822829,2026-04-10,2026,Toronto Blue Jays,Minnesota Twins,10,4,false
823643,2026-04-10,2026,New York Mets,Athletics,0,4,false
822997,2026-04-10,2026,Tampa Bay Rays,New York Yankees,5,3,false
824858,2026-04-10,2026,Baltimore Orioles,San Francisco Giants,3,6,false
824941,2026-04-10,2026,Atlanta Braves,Cleveland Guardians,11,5,false
824128,2026-04-10,2026,Kansas City Royals,Chicago White Sox,2,0,false
823808,2026-04-10,2026,Milwaukee Brewers,Washington Nationals,3,7,false
823076,2026-04-10,2026,St. Louis Cardinals,Boston Red Sox,3,2,false
823318,2026-04-10,2026,San Diego Padres,Colorado Rockies,5,2,false
823156,2026-04-10,2026,Seattle Mariners,Houston Astros,9,6,false
823968,2026-04-10,2026,Los Angeles Dodgers,Texas Rangers,8,7,false
823480,2026-04-11,2026,Philadelphia Phillies,Arizona Diamondbacks,4,3,false
824294,2026-04-11,2026,Detroit Tigers,Miami Marlins,6,1,false
824697,2026-04-11,2026,Chicago Cubs,Pittsburgh Pirates,3,4,false
822830,2026-04-11,2026,Toronto Blue Jays,Minnesota Twins,4,7,false
824535,2026-04-11,2026,Cincinnati Reds,Los Angeles Angels,7,3,false
823644,2026-04-11,2026,New York Mets,Athletics,6,11,false
824129,2026-04-11,2026,Kansas City Royals,Chicago White Sox,2,0,false
822996,2026-04-11,2026,Tampa Bay Rays,New York Yankees,5,4,false
823805,2026-04-11,2026,Milwaukee Brewers,Washington Nationals,1,3,false
824857,2026-04-11,2026,Baltimore Orioles,San Francisco Giants,6,2,false
823074,2026-04-11,2026,St. Louis Cardinals,Boston Red Sox,1,7,false
824939,2026-04-11,2026,Atlanta Braves,Cleveland Guardians,0,6,false
823316,2026-04-11,2026,San Diego Padres,Colorado Rockies,9,5,false
823967,2026-04-11,2026,Los Angeles Dodgers,Texas Rangers,6,3,false
823155,2026-04-11,2026,Seattle Mariners,Houston Astros,8,7,false
824859,2026-04-12,2026,Baltimore Orioles,San Francisco Giants,6,2,false
823479,2026-04-12,2026,Philadelphia Phillies,Arizona Diamondbacks,3,4,false
822828,2026-04-12,2026,Toronto Blue Jays,Minnesota Twins,2,8,false
824533,2026-04-12,2026,Cincinnati Reds,Los Angeles Angels,6,9,false
823642,2026-04-12,2026,New York Mets,Athletics,0,1,false
824293,2026-04-12,2026,Detroit Tigers,Miami Marlins,8,2,false
822998,2026-04-12,2026,Tampa Bay Rays,New York Yankees,5,4,false
824126,2026-04-12,2026,Kansas City Royals,Chicago White Sox,5,6,false
823804,2026-04-12,2026,Milwaukee Brewers,Washington Nationals,6,8,false
823075,2026-04-12,2026,St. Louis Cardinals,Boston Red Sox,3,9,false
824696,2026-04-12,2026,Chicago Cubs,Pittsburgh Pirates,7,6,false
823317,2026-04-12,2026,San Diego Padres,Colorado Rockies,7,2,false
823154,2026-04-12,2026,Seattle Mariners,Houston Astros,6,1,false
823966,2026-04-12,2026,Los Angeles Dodgers,Texas Rangers,2,5,false
824938,2026-04-12,2026,Atlanta Braves,Cleveland Guardians,13,1,false
823153,2026-04-13,2026,Seattle Mariners,Houston Astros,6,2,false
824856,2026-04-13,2026,Baltimore Orioles,Arizona Diamondbacks,9,7,false
823400,2026-04-13,2026,Pittsburgh Pirates,Washington Nationals,16,5,false
823481,2026-04-13,2026,Philadelphia Phillies,Chicago Cubs,13,7,false
823563,2026-04-13,2026,New York Yankees,Los Angeles Angels,11,10,false
824937,2026-04-13,2026,Atlanta Braves,Miami Marlins,4,10,false
823725,2026-04-13,2026,Minnesota Twins,Boston Red Sox,13,6,false
823073,2026-04-13,2026,St. Louis Cardinals,Cleveland Guardians,3,9,false
825024,2026-04-13,2026,Athletics,Texas Rangers,1,8,false
823964,2026-04-13,2026,Los Angeles Dodgers,New York Mets,4,0,false
824853,2026-04-14,2026,Baltimore Orioles,Arizona Diamondbacks,3,4,false
824292,2026-04-14,2026,Detroit Tigers,Kansas City Royals,2,1,false
823398,2026-04-14,2026,Pittsburgh Pirates,Washington Nationals,4,5,false
824531,2026-04-14,2026,Cincinnati Reds,San Francisco Giants,2,1,false
823478,2026-04-14,2026,Philadelphia Phillies,Chicago Cubs,4,10,false
823562,2026-04-14,2026,New York Yankees,Los Angeles Angels,1,7,false
824935,2026-04-14,2026,Atlanta Braves,Miami Marlins,6,5,false
823723,2026-04-14,2026,Minnesota Twins,Boston Red Sox,6,0,false
824616,2026-04-14,2026,Chicago White Sox,Tampa Bay Rays,5,8,false
823802,2026-04-14,2026,Milwaukee Brewers,Toronto Blue Jays,7,9,false
823072,2026-04-14,2026,St. Louis Cardinals,Cleveland Guardians,6,5,false
824210,2026-04-14,2026,Houston Astros,Colorado Rockies,7,6,false
823315,2026-04-14,2026,San Diego Padres,Seattle Mariners,4,1,false
825022,2026-04-14,2026,Athletics,Texas Rangers,2,1,false
823965,2026-04-14,2026,Los Angeles Dodgers,New York Mets,2,1,false
824855,2026-04-15,2026,Baltimore Orioles,Arizona Diamondbacks,5,8,false
823071,2026-04-15,2026,St. Louis Cardinals,Cleveland Guardians,5,3,false
823722,2026-04-15,2026,Minnesota Twins,Boston Red Sox,5,9,false
824291,2026-04-15,2026,Detroit Tigers,Kansas City Royals,2,1,false
823399,2026-04-15,2026,Pittsburgh Pirates,Washington Nationals,2,0,false
824532,2026-04-15,2026,Cincinnati Reds,San Francisco Giants,8,3,false
823477,2026-04-15,2026,Philadelphia Phillies,Chicago Cubs,2,11,false
823561,2026-04-15,2026,New York Yankees,Los Angeles Angels,5,4,false
824936,2026-04-15,2026,Atlanta Braves,Miami Marlins,6,3,false
824615,2026-04-15,2026,Chicago White Sox,Tampa Bay Rays,3,8,false
823803,2026-04-15,2026,Milwaukee Brewers,Toronto Blue Jays,2,1,false
824209,2026-04-15,2026,Houston Astros,Colorado Rockies,3,1,false
823314,2026-04-15,2026,San Diego Padres,Seattle Mariners,7,6,false
825021,2026-04-15,2026,Athletics,Texas Rangers,6,5,false
823963,2026-04-15,2026,Los Angeles Dodgers,New York Mets,8,2,false
823396,2026-04-16,2026,Pittsburgh Pirates,Washington Nationals,7,8,false
824530,2026-04-16,2026,Cincinnati Reds,San Francisco Giants,0,3,false
824289,2026-04-16,2026,Detroit Tigers,Kansas City Royals,10,9,false
823560,2026-04-16,2026,New York Yankees,Los Angeles Angels,4,11,false
823801,2026-04-16,2026,Milwaukee Brewers,Toronto Blue Jays,2,1,false
824614,2026-04-16,2026,Chicago White Sox,Tampa Bay Rays,3,5,false
825023,2026-04-16,2026,Athletics,Texas Rangers,6,9,false
824453,2026-04-16,2026,Cleveland Guardians,Baltimore Orioles,4,2,false
824208,2026-04-16,2026,Houston Astros,Colorado Rockies,2,3,false
823313,2026-04-16,2026,San Diego Padres,Seattle Mariners,5,2,false
824693,2026-04-17,2026,Chicago Cubs,New York Mets,12,4,false
824454,2026-04-17,2026,Cleveland Guardians,Baltimore Orioles,4,6,false
823476,2026-04-17,2026,Philadelphia Phillies,Atlanta Braves,0,9,false
822752,2026-04-17,2026,Washington Nationals,San Francisco Giants,5,10,false
823397,2026-04-17,2026,Pittsburgh Pirates,Tampa Bay Rays,5,1,false
823559,2026-04-17,2026,New York Yankees,Kansas City Royals,4,2,false
823883,2026-04-17,2026,Miami Marlins,Milwaukee Brewers,5,7,false
824778,2026-04-17,2026,Boston Red Sox,Detroit Tigers,1,0,false
824207,2026-04-17,2026,Houston Astros,St. Louis Cardinals,4,9,false
823720,2026-04-17,2026,Minnesota Twins,Cincinnati Reds,1,2,false
824373,2026-04-17,2026,Colorado Rockies,Los Angeles Dodgers,1,7,false
824048,2026-04-17,2026,Los Angeles Angels,San Diego Padres,8,0,false
823152,2026-04-17,2026,Seattle Mariners,Texas Rangers,0,5,false
825101,2026-04-17,2026,Arizona Diamondbacks,Toronto Blue Jays,6,3,false
825019,2026-04-17,2026,Athletics,Chicago White Sox,2,9,false
823558,2026-04-18,2026,New York Yankees,Kansas City Royals,13,4,false
823721,2026-04-18,2026,Minnesota Twins,Cincinnati Reds,4,5,false
824694,2026-04-18,2026,Chicago Cubs,New York Mets,4,2,false
823394,2026-04-18,2026,Pittsburgh Pirates,Tampa Bay Rays,7,8,false
822751,2026-04-18,2026,Washington Nationals,San Francisco Giants,6,7,false
825020,2026-04-18,2026,Athletics,Chicago White Sox,7,6,false
824775,2026-04-18,2026,Boston Red Sox,Detroit Tigers,1,4,false
823882,2026-04-18,2026,Miami Marlins,Milwaukee Brewers,2,5,false
824451,2026-04-18,2026,Cleveland Guardians,Baltimore Orioles,4,2,false
824206,2026-04-18,2026,Houston Astros,St. Louis Cardinals,5,7,false
823151,2026-04-18,2026,Seattle Mariners,Texas Rangers,7,3,false
823474,2026-04-18,2026,Philadelphia Phillies,Atlanta Braves,1,3,false
824372,2026-04-18,2026,Colorado Rockies,Los Angeles Dodgers,4,3,false
825098,2026-04-18,2026,Arizona Diamondbacks,Toronto Blue Jays,6,2,false
824049,2026-04-18,2026,Los Angeles Angels,San Diego Padres,1,4,false
822750,2026-04-19,2026,Washington Nationals,San Francisco Giants,3,0,false
823393,2026-04-19,2026,Pittsburgh Pirates,Tampa Bay Rays,6,3,false
823556,2026-04-19,2026,New York Yankees,Kansas City Royals,7,0,false
824452,2026-04-19,2026,Cleveland Guardians,Baltimore Orioles,8,4,false
823881,2026-04-19,2026,Miami Marlins,Milwaukee Brewers,5,3,false
824205,2026-04-19,2026,Houston Astros,St. Louis Cardinals,5,7,false
823718,2026-04-19,2026,Minnesota Twins,Cincinnati Reds,4,7,false
824691,2026-04-19,2026,Chicago Cubs,New York Mets,2,1,false
824371,2026-04-19,2026,Colorado Rockies,Los Angeles Dodgers,9,6,false
825018,2026-04-19,2026,Athletics,Chicago White Sox,4,7,false
824047,2026-04-19,2026,Los Angeles Angels,San Diego Padres,1,2,false
823150,2026-04-19,2026,Seattle Mariners,Texas Rangers,5,2,false
825100,2026-04-19,2026,Arizona Diamondbacks,Toronto Blue Jays,4,10,false
824777,2026-04-19,2026,Boston Red Sox,Detroit Tigers,2,6,false
823475,2026-04-19,2026,Philadelphia Phillies,Atlanta Braves,2,4,false
824776,2026-04-20,2026,Boston Red Sox,Detroit Tigers,8,6,false
824450,2026-04-20,2026,Cleveland Guardians,Houston Astros,2,9,false
822994,2026-04-20,2026,Tampa Bay Rays,Cincinnati Reds,1,6,false
823879,2026-04-20,2026,Miami Marlins,St. Louis Cardinals,5,3,false
822749,2026-04-20,2026,Washington Nationals,Atlanta Braves,4,9,false
824125,2026-04-20,2026,Kansas City Royals,Baltimore Orioles,5,7,false
824692,2026-04-20,2026,Chicago Cubs,Philadelphia Phillies,5,1,false
824370,2026-04-20,2026,Colorado Rockies,Los Angeles Dodgers,3,12,false
824046,2026-04-20,2026,Los Angeles Angels,Toronto Blue Jays,2,5,false
823149,2026-04-20,2026,Seattle Mariners,Athletics,4,6,false
824448,2026-04-21,2026,Cleveland Guardians,Houston Astros,8,5,false
822995,2026-04-21,2026,Tampa Bay Rays,Cincinnati Reds,6,12,false
823880,2026-04-21,2026,Miami Marlins,St. Louis Cardinals,3,5,false
824290,2026-04-21,2026,Detroit Tigers,Milwaukee Brewers,4,12,false
822747,2026-04-21,2026,Washington Nationals,Atlanta Braves,11,4,false
824773,2026-04-21,2026,Boston Red Sox,New York Yankees,0,4,false
823640,2026-04-21,2026,New York Mets,Minnesota Twins,3,5,false
824127,2026-04-21,2026,Kansas City Royals,Baltimore Orioles,6,5,false
824690,2026-04-21,2026,Chicago Cubs,Philadelphia Phillies,7,4,false
822914,2026-04-21,2026,Texas Rangers,Pittsburgh Pirates,5,1,false
824369,2026-04-21,2026,Colorado Rockies,San Diego Padres,0,1,false
824045,2026-04-21,2026,Los Angeles Angels,Toronto Blue Jays,2,4,false
823148,2026-04-21,2026,Seattle Mariners,Athletics,2,5,false
825099,2026-04-21,2026,Arizona Diamondbacks,Chicago White Sox,5,11,false
823236,2026-04-21,2026,San Francisco Giants,Los Angeles Dodgers,3,1,false
823878,2026-04-22,2026,Miami Marlins,St. Louis Cardinals,4,1,false
824449,2026-04-22,2026,Cleveland Guardians,Houston Astros,0,2,false
822993,2026-04-22,2026,Tampa Bay Rays,Cincinnati Reds,6,1,false
824123,2026-04-22,2026,Kansas City Royals,Baltimore Orioles,6,8,false
824044,2026-04-22,2026,Los Angeles Angels,Toronto Blue Jays,7,3,false
823147,2026-04-22,2026,Seattle Mariners,Athletics,5,4,false
824286,2026-04-22,2026,Detroit Tigers,Milwaukee Brewers,5,2,false
822748,2026-04-22,2026,Washington Nationals,Atlanta Braves,6,8,false
824774,2026-04-22,2026,Boston Red Sox,New York Yankees,1,4,false
823641,2026-04-22,2026,New York Mets,Minnesota Twins,3,2,false
824688,2026-04-22,2026,Chicago Cubs,Philadelphia Phillies,7,2,false
822913,2026-04-22,2026,Texas Rangers,Pittsburgh Pirates,4,8,false
824367,2026-04-22,2026,Colorado Rockies,San Diego Padres,8,3,false
825097,2026-04-22,2026,Arizona Diamondbacks,Chicago White Sox,11,7,false
823231,2026-04-22,2026,San Francisco Giants,Los Angeles Dodgers,3,0,false
822745,2026-04-23,2026,Washington Nationals,Atlanta Braves,2,7,false
824288,2026-04-23,2026,Detroit Tigers,Milwaukee Brewers,5,4,false
824689,2026-04-23,2026,Chicago Cubs,Philadelphia Phillies,8,7,false
824368,2026-04-23,2026,Colorado Rockies,San Diego Padres,8,10,false
825096,2026-04-23,2026,Arizona Diamondbacks,Chicago White Sox,1,4,false
823233,2026-04-23,2026,San Francisco Giants,Los Angeles Dodgers,0,3,false
824770,2026-04-23,2026,Boston Red Sox,New York Yankees,2,4,false
823639,2026-04-23,2026,New York Mets,Minnesota Twins,10,8,false
822912,2026-04-23,2026,Texas Rangers,Pittsburgh Pirates,6,1,false
824529,2026-04-24,2026,Cincinnati Reds,Detroit Tigers,9,8,false
824854,2026-04-24,2026,Baltimore Orioles,Boston Red Sox,10,3,false
822827,2026-04-24,2026,Toronto Blue Jays,Cleveland Guardians,6,8,false
823638,2026-04-24,2026,New York Mets,Colorado Rockies,3,4,false
822992,2026-04-24,2026,Tampa Bay Rays,Minnesota Twins,6,2,false
824932,2026-04-24,2026,Atlanta Braves,Philadelphia Phillies,5,3,false
824124,2026-04-24,2026,Kansas City Royals,Los Angeles Angels,6,3,false
824611,2026-04-24,2026,Chicago White Sox,Washington Nationals,5,4,false
823800,2026-04-24,2026,Milwaukee Brewers,Pittsburgh Pirates,0,6,false
822909,2026-04-24,2026,Texas Rangers,Athletics,1,8,false
824204,2026-04-24,2026,Houston Astros,New York Yankees,4,12,false
823069,2026-04-24,2026,St. Louis Cardinals,Seattle Mariners,2,3,false
823962,2026-04-24,2026,Los Angeles Dodgers,Chicago Cubs,4,6,false
823232,2026-04-24,2026,San Francisco Giants,Miami Marlins,4,9,false
824851,2026-04-25,2026,Baltimore Orioles,Boston Red Sox,1,17,false
823070,2026-04-25,2026,St. Louis Cardinals,Seattle Mariners,9,11,false
822826,2026-04-25,2026,Toronto Blue Jays,Cleveland Guardians,5,3,false
823229,2026-04-25,2026,San Francisco Giants,Miami Marlins,6,2,false
822989,2026-04-25,2026,Tampa Bay Rays,Minnesota Twins,6,1,false
824613,2026-04-25,2026,Chicago White Sox,Washington Nationals,3,6,false
825093,2026-04-25,2026,Arizona Diamondbacks,San Diego Padres,4,6,false
822910,2026-04-25,2026,Texas Rangers,Athletics,4,3,false
824121,2026-04-25,2026,Kansas City Royals,Los Angeles Angels,12,1,false
824203,2026-04-25,2026,Houston Astros,New York Yankees,3,8,false
823799,2026-04-25,2026,Milwaukee Brewers,Pittsburgh Pirates,3,6,false
824527,2026-04-25,2026,Cincinnati Reds,Detroit Tigers,9,2,false
823960,2026-04-25,2026,Los Angeles Dodgers,Chicago Cubs,12,4,false
824933,2026-04-25,2026,Atlanta Braves,Philadelphia Phillies,5,8,false
824852,2026-04-26,2026,Baltimore Orioles,Boston Red Sox,3,5,false
824934,2026-04-26,2026,Atlanta Braves,Philadelphia Phillies,6,2,false
822824,2026-04-26,2026,Toronto Blue Jays,Cleveland Guardians,4,2,false
824528,2026-04-26,2026,Cincinnati Reds,Detroit Tigers,3,8,false
823635,2026-04-26,2026,New York Mets,Colorado Rockies,1,3,false
823637,2026-04-26,2026,New York Mets,Colorado Rockies,0,3,false
822991,2026-04-26,2026,Tampa Bay Rays,Minnesota Twins,4,2,false
824612,2026-04-26,2026,Chicago White Sox,Washington Nationals,1,2,false
824202,2026-04-26,2026,Houston Astros,New York Yankees,7,4,false
823797,2026-04-26,2026,Milwaukee Brewers,Pittsburgh Pirates,5,0,false
823068,2026-04-26,2026,St. Louis Cardinals,Seattle Mariners,2,3,false
822911,2026-04-26,2026,Texas Rangers,Athletics,1,2,false
825094,2026-04-26,2026,Arizona Diamondbacks,San Diego Padres,12,7,false
823230,2026-04-26,2026,San Francisco Giants,Miami Marlins,6,3,false
824122,2026-04-26,2026,Kansas City Royals,Los Angeles Angels,11,9,false
823959,2026-04-26,2026,Los Angeles Dodgers,Chicago Cubs,6,0,false
824446,2026-04-27,2026,Cleveland Guardians,Tampa Bay Rays,2,3,false
823395,2026-04-27,2026,Pittsburgh Pirates,St. Louis Cardinals,2,4,false
822825,2026-04-27,2026,Toronto Blue Jays,Boston Red Sox,0,5,false
823719,2026-04-27,2026,Minnesota Twins,Seattle Mariners,11,4,false
824609,2026-04-27,2026,Chicago White Sox,Los Angeles Angels,8,7,false
822906,2026-04-27,2026,Texas Rangers,New York Yankees,2,4,false
823311,2026-04-27,2026,San Diego Padres,Chicago Cubs,9,7,false
823961,2026-04-27,2026,Los Angeles Dodgers,Miami Marlins,5,4,false
824447,2026-04-28,2026,Cleveland Guardians,Tampa Bay Rays,0,1,false
824849,2026-04-28,2026,Baltimore Orioles,Houston Astros,5,3,false
824526,2026-04-28,2026,Cincinnati Reds,Colorado Rockies,7,2,false
823390,2026-04-28,2026,Pittsburgh Pirates,St. Louis Cardinals,7,11,false
823473,2026-04-28,2026,Philadelphia Phillies,San Francisco Giants,7,0,false
822823,2026-04-28,2026,Toronto Blue Jays,Boston Red Sox,3,0,false
823636,2026-04-28,2026,New York Mets,Washington Nationals,8,0,false
824931,2026-04-28,2026,Atlanta Braves,Detroit Tigers,5,2,false
823716,2026-04-28,2026,Minnesota Twins,Seattle Mariners,1,7,false
824610,2026-04-28,2026,Chicago White Sox,Los Angeles Angels,5,2,false
823798,2026-04-28,2026,Milwaukee Brewers,Arizona Diamondbacks,13,2,false
822908,2026-04-28,2026,Texas Rangers,New York Yankees,2,3,false
825017,2026-04-28,2026,Athletics,Kansas City Royals,1,4,false
823310,2026-04-28,2026,San Diego Padres,Chicago Cubs,3,8,false
823956,2026-04-28,2026,Los Angeles Dodgers,Miami Marlins,1,2,false
824445,2026-04-29,2026,Cleveland Guardians,Tampa Bay Rays,3,1,false
824608,2026-04-29,2026,Chicago White Sox,Los Angeles Angels,3,2,false
823717,2026-04-29,2026,Minnesota Twins,Seattle Mariners,3,5,false
822907,2026-04-29,2026,Texas Rangers,New York Yankees,3,0,false
822821,2026-04-29,2026,Toronto Blue Jays,Boston Red Sox,8,1,false
823958,2026-04-29,2026,Los Angeles Dodgers,Miami Marlins,2,3,false
823312,2026-04-29,2026,San Diego Padres,Chicago Cubs,4,5,false
824525,2026-04-29,2026,Cincinnati Reds,Colorado Rockies,2,13,false
823392,2026-04-29,2026,Pittsburgh Pirates,St. Louis Cardinals,4,5,false
823633,2026-04-29,2026,New York Mets,Washington Nationals,2,14,false
824930,2026-04-29,2026,Atlanta Braves,Detroit Tigers,4,3,false
823796,2026-04-29,2026,Milwaukee Brewers,Arizona Diamondbacks,2,6,false
825015,2026-04-29,2026,Athletics,Kansas City Royals,5,2,false
824929,2026-04-30,2026,Atlanta Braves,Detroit Tigers,2,5,false
824848,2026-04-30,2026,Baltimore Orioles,Houston Astros,10,3,false
824850,2026-04-30,2026,Baltimore Orioles,Houston Astros,5,11,false
823391,2026-04-30,2026,Pittsburgh Pirates,St. Louis Cardinals,5,10,false
823472,2026-04-30,2026,Philadelphia Phillies,San Francisco Giants,3,2,false
823471,2026-04-30,2026,Philadelphia Phillies,San Francisco Giants,6,5,false
824524,2026-04-30,2026,Cincinnati Reds,Colorado Rockies,6,4,false
823634,2026-04-30,2026,New York Mets,Washington Nationals,4,5,false
823795,2026-04-30,2026,Milwaukee Brewers,Arizona Diamondbacks,13,1,false
825016,2026-04-30,2026,Athletics,Kansas City Royals,6,3,false
823714,2026-04-30,2026,Minnesota Twins,Toronto Blue Jays,7,1,false
824686,2026-05-01,2026,Chicago Cubs,Arizona Diamondbacks,6,5,false
824287,2026-05-01,2026,Detroit Tigers,Texas Rangers,4,5,false
823389,2026-05-01,2026,Pittsburgh Pirates,Cincinnati Reds,9,1,false
822744,2026-05-01,2026,Washington Nationals,Milwaukee Brewers,1,6,false
823557,2026-05-01,2026,New York Yankees,Baltimore Orioles,7,2,false
824772,2026-05-01,2026,Boston Red Sox,Houston Astros,3,1,false
822990,2026-05-01,2026,Tampa Bay Rays,San Francisco Giants,3,0,false
823877,2026-05-01,2026,Miami Marlins,Philadelphia Phillies,5,6,false
823713,2026-05-01,2026,Minnesota Twins,Toronto Blue Jays,3,7,false
823066,2026-05-01,2026,St. Louis Cardinals,Los Angeles Dodgers,7,2,false
824366,2026-05-01,2026,Colorado Rockies,Atlanta Braves,6,8,false
824041,2026-05-01,2026,Los Angeles Angels,New York Mets,3,4,false
825012,2026-05-01,2026,Athletics,Cleveland Guardians,5,8,false
823309,2026-05-01,2026,San Diego Padres,Chicago White Sox,2,8,false
823146,2026-05-01,2026,Seattle Mariners,Kansas City Royals,6,7,false
823554,2026-05-02,2026,New York Yankees,Baltimore Orioles,9,4,false
823715,2026-05-02,2026,Minnesota Twins,Toronto Blue Jays,4,11,false
824685,2026-05-02,2026,Chicago Cubs,Arizona Diamondbacks,2,0,false
825014,2026-05-02,2026,Athletics,Cleveland Guardians,6,14,false
823388,2026-05-02,2026,Pittsburgh Pirates,Cincinnati Reds,17,7,false
822746,2026-05-02,2026,Washington Nationals,Milwaukee Brewers,1,4,false
824771,2026-05-02,2026,Boston Red Sox,Houston Astros,3,6,false
823876,2026-05-02,2026,Miami Marlins,Philadelphia Phillies,4,0,false
822988,2026-05-02,2026,Tampa Bay Rays,San Francisco Giants,5,1,false
823067,2026-05-02,2026,St. Louis Cardinals,Los Angeles Dodgers,3,2,false
824284,2026-05-02,2026,Detroit Tigers,Texas Rangers,5,1,false
824365,2026-05-02,2026,Colorado Rockies,Atlanta Braves,1,9,false
823308,2026-05-02,2026,San Diego Padres,Chicago White Sox,0,4,false
824042,2026-05-02,2026,Los Angeles Angels,New York Mets,4,3,false
823144,2026-05-02,2026,Seattle Mariners,Kansas City Royals,2,3,false
823711,2026-05-03,2026,Minnesota Twins,Toronto Blue Jays,4,3,false
824769,2026-05-03,2026,Boston Red Sox,Houston Astros,1,3,false
823387,2026-05-03,2026,Pittsburgh Pirates,Cincinnati Reds,1,0,false
823555,2026-05-03,2026,New York Yankees,Baltimore Orioles,11,3,false
822742,2026-05-03,2026,Washington Nationals,Milwaukee Brewers,3,2,false
822987,2026-05-03,2026,Tampa Bay Rays,San Francisco Giants,2,1,false
823875,2026-05-03,2026,Miami Marlins,Philadelphia Phillies,2,7,false
823065,2026-05-03,2026,St. Louis Cardinals,Los Angeles Dodgers,1,4,false
824687,2026-05-03,2026,Chicago Cubs,Arizona Diamondbacks,8,4,false
824364,2026-05-03,2026,Colorado Rockies,Atlanta Braves,6,11,false
825013,2026-05-03,2026,Athletics,Cleveland Guardians,7,1,false
824043,2026-05-03,2026,Los Angeles Angels,New York Mets,1,5,false
823145,2026-05-03,2026,Seattle Mariners,Kansas City Royals,1,4,false
823307,2026-05-03,2026,San Diego Padres,Chicago White Sox,4,3,false
824285,2026-05-03,2026,Detroit Tigers,Texas Rangers,7,1,false
824363,2026-05-04,2026,Colorado Rockies,New York Mets,2,4,false
824283,2026-05-04,2026,Detroit Tigers,Boston Red Sox,4,5,false
822984,2026-05-04,2026,Tampa Bay Rays,Toronto Blue Jays,5,1,false
823874,2026-05-04,2026,Miami Marlins,Philadelphia Phillies,0,1,false
823552,2026-05-04,2026,New York Yankees,Baltimore Orioles,12,1,false
824684,2026-05-04,2026,Chicago Cubs,Cincinnati Reds,5,4,false
824120,2026-05-04,2026,Kansas City Royals,Cleveland Guardians,6,2,false
823064,2026-05-04,2026,St. Louis Cardinals,Milwaukee Brewers,6,3,false
824201,2026-05-04,2026,Houston Astros,Los Angeles Dodgers,3,8,false
824039,2026-05-04,2026,Los Angeles Angels,Chicago White Sox,0,6,false
823143,2026-05-04,2026,Seattle Mariners,Atlanta Braves,5,4,false
823228,2026-05-04,2026,San Francisco Giants,San Diego Padres,3,2,false
824281,2026-05-05,2026,Detroit Tigers,Boston Red Sox,3,10,false
822986,2026-05-05,2026,Tampa Bay Rays,Toronto Blue Jays,4,3,false
823469,2026-05-05,2026,Philadelphia Phillies,Athletics,9,1,false
823873,2026-05-05,2026,Miami Marlins,Baltimore Orioles,7,9,false
822743,2026-05-05,2026,Washington Nationals,Minnesota Twins,3,11,false
823553,2026-05-05,2026,New York Yankees,Texas Rangers,7,4,false
824682,2026-05-05,2026,Chicago Cubs,Cincinnati Reds,3,2,false
824119,2026-05-05,2026,Kansas City Royals,Cleveland Guardians,5,3,false
824200,2026-05-05,2026,Houston Astros,Los Angeles Dodgers,2,1,false
824040,2026-05-05,2026,Los Angeles Angels,Chicago White Sox,4,3,false
825092,2026-05-05,2026,Arizona Diamondbacks,Pittsburgh Pirates,9,0,false
823142,2026-05-05,2026,Seattle Mariners,Atlanta Braves,2,3,false
823227,2026-05-05,2026,San Francisco Giants,San Diego Padres,5,10,false
822985,2026-05-06,2026,Tampa Bay Rays,Toronto Blue Jays,3,0,false
823063,2026-05-06,2026,St. Louis Cardinals,Milwaukee Brewers,2,6,false
824198,2026-05-06,2026,Houston Astros,Los Angeles Dodgers,2,12,false
823226,2026-05-06,2026,San Francisco Giants,San Diego Padres,1,5,false
824036,2026-05-06,2026,Los Angeles Angels,Chicago White Sox,8,2,false
823141,2026-05-06,2026,Seattle Mariners,Atlanta Braves,3,1,false
824282,2026-05-06,2026,Detroit Tigers,Boston Red Sox,0,4,false
823470,2026-05-06,2026,Philadelphia Phillies,Athletics,6,3,false
823872,2026-05-06,2026,Miami Marlins,Baltimore Orioles,4,7,false
822740,2026-05-06,2026,Washington Nationals,Minnesota Twins,15,2,false
823550,2026-05-06,2026,New York Yankees,Texas Rangers,1,6,false
824683,2026-05-06,2026,Chicago Cubs,Cincinnati Reds,7,6,false
824118,2026-05-06,2026,Kansas City Royals,Cleveland Guardians,1,3,false
824361,2026-05-06,2026,Colorado Rockies,New York Mets,5,10,false
825091,2026-05-06,2026,Arizona Diamondbacks,Pittsburgh Pirates,0,1,false
823551,2026-05-07,2026,New York Yankees,Texas Rangers,9,2,false
822741,2026-05-07,2026,Washington Nationals,Minnesota Twins,7,5,false
824117,2026-05-07,2026,Kansas City Royals,Cleveland Guardians,5,8,false
824681,2026-05-07,2026,Chicago Cubs,Cincinnati Reds,8,3,false
824362,2026-05-07,2026,Colorado Rockies,New York Mets,6,2,false
825090,2026-05-07,2026,Arizona Diamondbacks,Pittsburgh Pirates,2,4,false
823467,2026-05-07,2026,Philadelphia Phillies,Athletics,1,12,false
823870,2026-05-07,2026,Miami Marlins,Baltimore Orioles,4,3,false
824767,2026-05-07,2026,Boston Red Sox,Tampa Bay Rays,4,8,false
823306,2026-05-07,2026,San Diego Padres,St. Louis Cardinals,1,2,false
824522,2026-05-08,2026,Cincinnati Reds,Houston Astros,0,10,false
823466,2026-05-08,2026,Philadelphia Phillies,Colorado Rockies,7,9,false
824846,2026-05-08,2026,Baltimore Orioles,Athletics,3,4,false
822822,2026-05-08,2026,Toronto Blue Jays,Los Angeles Angels,2,0,false
824768,2026-05-08,2026,Boston Red Sox,Tampa Bay Rays,2,0,false
823871,2026-05-08,2026,Miami Marlins,Washington Nationals,2,3,false
824443,2026-05-08,2026,Cleveland Guardians,Minnesota Twins,6,4,false
824116,2026-05-08,2026,Kansas City Royals,Detroit Tigers,4,3,false
824607,2026-05-08,2026,Chicago White Sox,Seattle Mariners,8,12,false
823794,2026-05-08,2026,Milwaukee Brewers,New York Yankees,6,0,false
822904,2026-05-08,2026,Texas Rangers,Chicago Cubs,1,7,false
825088,2026-05-08,2026,Arizona Diamondbacks,New York Mets,1,3,false
823303,2026-05-08,2026,San Diego Padres,St. Louis Cardinals,0,6,false
823957,2026-05-08,2026,Los Angeles Dodgers,Atlanta Braves,3,1,false
823225,2026-05-08,2026,San Francisco Giants,Pittsburgh Pirates,5,2,false
822820,2026-05-09,2026,Toronto Blue Jays,Los Angeles Angels,14,1,false
824847,2026-05-09,2026,Baltimore Orioles,Athletics,2,6,false
824523,2026-05-09,2026,Cincinnati Reds,Houston Astros,3,1,false
823869,2026-05-09,2026,Miami Marlins,Washington Nationals,8,7,false
823468,2026-05-09,2026,Philadelphia Phillies,Colorado Rockies,9,3,false
824444,2026-05-09,2026,Cleveland Guardians,Minnesota Twins,1,2,false
822905,2026-05-09,2026,Texas Rangers,Chicago Cubs,6,0,false
824115,2026-05-09,2026,Kansas City Royals,Detroit Tigers,5,1,false
824606,2026-05-09,2026,Chicago White Sox,Seattle Mariners,6,1,false
823792,2026-05-09,2026,Milwaukee Brewers,New York Yankees,4,3,false
825089,2026-05-09,2026,Arizona Diamondbacks,New York Mets,2,1,false
823304,2026-05-09,2026,San Diego Padres,St. Louis Cardinals,4,2,false
823224,2026-05-09,2026,San Francisco Giants,Pittsburgh Pirates,3,13,false
823955,2026-05-09,2026,Los Angeles Dodgers,Atlanta Braves,2,7,false
823868,2026-05-10,2026,Miami Marlins,Washington Nationals,5,2,false
824845,2026-05-10,2026,Baltimore Orioles,Athletics,2,1,false
824765,2026-05-10,2026,Boston Red Sox,Tampa Bay Rays,1,4,false
823463,2026-05-10,2026,Philadelphia Phillies,Colorado Rockies,6,0,false
822819,2026-05-10,2026,Toronto Blue Jays,Los Angeles Angels,1,6,false
824520,2026-05-10,2026,Cincinnati Reds,Houston Astros,5,0,false
824440,2026-05-10,2026,Cleveland Guardians,Minnesota Twins,4,5,false
824605,2026-05-10,2026,Chicago White Sox,Seattle Mariners,2,1,false
823793,2026-05-10,2026,Milwaukee Brewers,New York Yankees,4,3,false
822902,2026-05-10,2026,Texas Rangers,Chicago Cubs,3,0,false
823221,2026-05-10,2026,San Francisco Giants,Pittsburgh Pirates,7,6,false
825085,2026-05-10,2026,Arizona Diamondbacks,New York Mets,5,1,false
823305,2026-05-10,2026,San Diego Padres,St. Louis Cardinals,3,2,false
823954,2026-05-10,2026,Los Angeles Dodgers,Atlanta Braves,2,7,false
824113,2026-05-10,2026,Kansas City Royals,Detroit Tigers,3,6,false
824441,2026-05-11,2026,Cleveland Guardians,Los Angeles Angels,7,2,false
824844,2026-05-11,2026,Baltimore Orioles,New York Yankees,3,2,false
822818,2026-05-11,2026,Toronto Blue Jays,Tampa Bay Rays,5,8,false
822901,2026-05-11,2026,Texas Rangers,Arizona Diamondbacks,0,1,false
824199,2026-05-11,2026,Houston Astros,Seattle Mariners,1,3,false
823953,2026-05-11,2026,Los Angeles Dodgers,San Francisco Giants,3,9,false
824442,2026-05-12,2026,Cleveland Guardians,Los Angeles Angels,3,2,false
824843,2026-05-12,2026,Baltimore Orioles,New York Yankees,2,6,false
824521,2026-05-12,2026,Cincinnati Reds,Washington Nationals,4,10,false
823385,2026-05-12,2026,Pittsburgh Pirates,Colorado Rockies,3,1,false
824764,2026-05-12,2026,Boston Red Sox,Philadelphia Phillies,1,2,false
822817,2026-05-12,2026,Toronto Blue Jays,Tampa Bay Rays,6,7,false
823632,2026-05-12,2026,New York Mets,Detroit Tigers,10,2,false
824927,2026-05-12,2026,Atlanta Braves,Chicago Cubs,5,2,false
824604,2026-05-12,2026,Chicago White Sox,Kansas City Royals,6,5,false
823712,2026-05-12,2026,Minnesota Twins,Miami Marlins,3,0,false
823790,2026-05-12,2026,Milwaukee Brewers,San Diego Padres,6,4,false
822903,2026-05-12,2026,Texas Rangers,Arizona Diamondbacks,7,4,false
824197,2026-05-12,2026,Houston Astros,Seattle Mariners,2,10,false
825011,2026-05-12,2026,Athletics,St. Louis Cardinals,4,6,false
823951,2026-05-12,2026,Los Angeles Dodgers,San Francisco Giants,2,6,false
824841,2026-05-13,2026,Baltimore Orioles,New York Yankees,7,0,false
824438,2026-05-13,2026,Cleveland Guardians,Los Angeles Angels,4,2,false
824519,2026-05-13,2026,Cincinnati Reds,Washington Nationals,7,8,false
823386,2026-05-13,2026,Pittsburgh Pirates,Colorado Rockies,4,10,false
824763,2026-05-13,2026,Boston Red Sox,Philadelphia Phillies,3,1,false
822815,2026-05-13,2026,Toronto Blue Jays,Tampa Bay Rays,5,3,false
823631,2026-05-13,2026,New York Mets,Detroit Tigers,3,2,false
824928,2026-05-13,2026,Atlanta Braves,Chicago Cubs,4,1,false
824603,2026-05-13,2026,Chicago White Sox,Kansas City Royals,6,5,false
823710,2026-05-13,2026,Minnesota Twins,Miami Marlins,5,9,false
823791,2026-05-13,2026,Milwaukee Brewers,San Diego Padres,1,3,false
822900,2026-05-13,2026,Texas Rangers,Arizona Diamondbacks,6,5,false
824195,2026-05-13,2026,Houston Astros,Seattle Mariners,4,3,false
825010,2026-05-13,2026,Athletics,St. Louis Cardinals,6,2,false
823952,2026-05-13,2026,Los Angeles Dodgers,San Francisco Giants,4,0,false
823383,2026-05-14,2026,Pittsburgh Pirates,Colorado Rockies,7,2,false
824517,2026-05-14,2026,Cincinnati Reds,Washington Nationals,15,1,false
823630,2026-05-14,2026,New York Mets,Detroit Tigers,9,4,false
823709,2026-05-14,2026,Minnesota Twins,Miami Marlins,9,1,false
823789,2026-05-14,2026,Milwaukee Brewers,San Diego Padres,7,1,false
824196,2026-05-14,2026,Houston Astros,Seattle Mariners,3,8,false
825008,2026-05-14,2026,Athletics,St. Louis Cardinals,4,5,false
824762,2026-05-14,2026,Boston Red Sox,Philadelphia Phillies,1,3,false
824926,2026-05-14,2026,Atlanta Braves,Chicago Cubs,0,2,false
824602,2026-05-14,2026,Chicago White Sox,Kansas City Royals,6,2,false
823950,2026-05-14,2026,Los Angeles Dodgers,San Francisco Giants,5,2,false
823384,2026-05-15,2026,Pittsburgh Pirates,Philadelphia Phillies,9,11,false
822739,2026-05-15,2026,Washington Nationals,Baltimore Orioles,3,2,false
824280,2026-05-15,2026,Detroit Tigers,Toronto Blue Jays,3,2,false
824439,2026-05-15,2026,Cleveland Guardians,Cincinnati Reds,6,7,false
822983,2026-05-15,2026,Tampa Bay Rays,Miami Marlins,7,2,false
823707,2026-05-15,2026,Minnesota Twins,Milwaukee Brewers,2,3,false
824925,2026-05-15,2026,Atlanta Braves,Boston Red Sox,3,2,false
823629,2026-05-15,2026,New York Mets,New York Yankees,2,5,false
824601,2026-05-15,2026,Chicago White Sox,Chicago Cubs,5,10,false
824194,2026-05-15,2026,Houston Astros,Texas Rangers,2,0,false
823061,2026-05-15,2026,St. Louis Cardinals,Kansas City Royals,5,4,false
824360,2026-05-15,2026,Colorado Rockies,Arizona Diamondbacks,1,9,false
824037,2026-05-15,2026,Los Angeles Angels,Los Angeles Dodgers,0,6,false
823140,2026-05-15,2026,Seattle Mariners,San Diego Padres,0,2,false
825009,2026-05-15,2026,Athletics,San Francisco Giants,5,2,false
824278,2026-05-16,2026,Detroit Tigers,Toronto Blue Jays,1,2,false
823060,2026-05-16,2026,St. Louis Cardinals,Kansas City Royals,4,2,false
824359,2026-05-16,2026,Colorado Rockies,Arizona Diamondbacks,4,2,false
822737,2026-05-16,2026,Washington Nationals,Baltimore Orioles,13,3,false
823382,2026-05-16,2026,Pittsburgh Pirates,Philadelphia Phillies,0,6,false
822981,2026-05-16,2026,Tampa Bay Rays,Miami Marlins,5,10,false
824435,2026-05-16,2026,Cleveland Guardians,Cincinnati Reds,7,4,false
824193,2026-05-16,2026,Houston Astros,Texas Rangers,4,1,false
824600,2026-05-16,2026,Chicago White Sox,Chicago Cubs,8,3,false
823706,2026-05-16,2026,Minnesota Twins,Milwaukee Brewers,1,2,false
823139,2026-05-16,2026,Seattle Mariners,San Diego Padres,4,7,false
824924,2026-05-16,2026,Atlanta Braves,Boston Red Sox,2,3,false
823627,2026-05-16,2026,New York Mets,New York Yankees,6,3,false
824038,2026-05-16,2026,Los Angeles Angels,Los Angeles Dodgers,2,15,false
825007,2026-05-16,2026,Athletics,San Francisco Giants,4,6,false
822982,2026-05-17,2026,Tampa Bay Rays,Miami Marlins,6,3,false
822738,2026-05-17,2026,Washington Nationals,Baltimore Orioles,3,7,false
823381,2026-05-17,2026,Pittsburgh Pirates,Philadelphia Phillies,0,6,false
824923,2026-05-17,2026,Atlanta Braves,Boston Red Sox,8,1,false
824436,2026-05-17,2026,Cleveland Guardians,Cincinnati Reds,10,3,false
824279,2026-05-17,2026,Detroit Tigers,Toronto Blue Jays,1,4,false
823628,2026-05-17,2026,New York Mets,New York Yankees,7,6,false
824192,2026-05-17,2026,Houston Astros,Texas Rangers,0,8,false
824599,2026-05-17,2026,Chicago White Sox,Chicago Cubs,9,8,false
823708,2026-05-17,2026,Minnesota Twins,Milwaukee Brewers,5,4,false
823058,2026-05-17,2026,St. Louis Cardinals,Kansas City Royals,0,2,false
824358,2026-05-17,2026,Colorado Rockies,Arizona Diamondbacks,0,0,false
825006,2026-05-17,2026,Athletics,San Francisco Giants,1,2,false
824034,2026-05-17,2026,Los Angeles Angels,Los Angeles Dodgers,1,7,false
823138,2026-05-17,2026,Seattle Mariners,San Diego Padres,0,0,false
